claim_id,claim,manuscript_location,argument_or_certificate,artifact_source,raw_result,maturity,fresh_recheck
C01,A total decoder at bound a exists iff every pinned legal-output relation D_y(a) is nonempty,Theorem 1 / Sec. III,handwritten proof,proofs/derivations.md; proofs/semantic-projection.md,results/semantic-projection-check.json,proved; finite instances independently checked,"Rechecked against 174 encoders and 3,488 received rows"
C02,The minimum binary channel length for pairwise noncontraction to fail total A<=1 decoding is four,Theorem 2 / Fig. 1,handwritten minimality proof plus explicit witness check,proofs/derivations.md; src/theory_checks.py,results/theory.json,proved; witness finite-checked,No broader Hamming-ball novelty claimed
C03,"The four-unit-vector binary codebook has exact frontier {(2,12)}",Theorem 3 / Sec. III,direct lower bound and attaining circuit,proofs/derivations.md; src/theory_checks.py,results/theory.json,proved; circuit checked,"Not inferred from unrun 402,653,184-pair enumeration"
C04,The ternary cross gives the analogous symbol-error obstruction at minimum length two,Eq. (10) / Sec. III,direct proof plus explicit witness check,proofs/derivations.md; src/theory_checks.py,results/theory.json,proved; witness finite-checked,Symbol errors kept distinct from raw representation-bit errors
C05,The number of unrestricted legal total decoders for a fixed encoder/bound is the product of row-relation cardinalities,Theorem 4 / Eq. (12),handwritten factorization proof and independent count replay,proofs/semantic-projection.md; src/projection_check.py,results/semantic-projection-check.json,proved; all locked profiles finite-checked,Cumulative counts agree with exhaustive histograms
C06,Inverse-pin conflicts and empty Hamming-ball intersections form a sound and complete semantic rejection basis,Theorem 5 / Eqs. (13)-(15),handwritten proof and independently rebuilt cores,proofs/semantic-projection.md; src/projection_check.py,results/semantic-projection-check.json; results/projection-controls.json,proved; 234 profiles finite-checked,"118 pin conflicts, 92 two-source cores, 24 four-source cores"
C07,The relational SOP constraints preserve legal output-vector correlations and are equivalent to relation realization,Proposition 6 / Sec. IV,handwritten equivalence proof; correlated-output control,proofs/semantic-projection.md; src/frontier_proofs.py; src/frontier_proof_check.py,results/projection-controls.json; results/proof-frontiers/summary.json,proved; generated/reconstructed CNFs finite-checked,No per-bit-dont-care relaxation is used
C08,The deterministic bounded CNF models exactly the selected shared-product SOP planes,Theorem 7 / Eqs. (17)-(19),handwritten CNF equivalence proof and independent formula reconstruction,proofs/proof-frontier.md; src/frontier_proofs.py; src/frontier_proof_check.py,results/proof-frontiers/*-check.json,proved; 384 plane certificates finite-checked,Checker imports neither producer nor exhaustive oracle
C09,A complete split tree whose leaves are unit-propagation conflicts proves the bounded CNF unsatisfiable,Theorem 9 / Sec. V,inductive branch-tree soundness proof and replay,proofs/proof-frontier.md; src/frontier_proof_check.py,results/proof-frontiers/summary.json; results/proof-frontiers/controls.json,"proved; 88,664 final lower-bound node visits replayed","121,972 producer DPLL search nodes are separately partitioned into 88,664 final lower-bound, 21,472 satisfying-witness, and 11,836 earlier-unsat nodes; eight certificate mutations rejected"
C10,An unconstrained-connection product lower bound plus a cap-legal attaining circuit closes the connection-cap gap,Lemma 8 / Sec. V,handwritten relaxation argument and witness checks,proofs/proof-frontier.md; src/frontier_proof_check.py,results/proof-frontiers/*-check.json,proved; selected minima finite-checked,No gap is silently treated as infeasibility
C11,Exhaustive encoder coverage and exact plane costs determine every retained finite frontier and excluded objective box,Theorem 10 / Eq. (20),monotone profile proof and encoder-coverage replay,proofs/proof-frontier.md; src/proof_summary.py,results/proof-frontiers/summary.json,proved; all 174 encoders covered,Completeness is per exact locked input only
C12,The sixteen joint specifications have 18 Pareto points certified by 174 encoder profiles and 384 exact plane minima,Tables I-III / Sec. VI,proof-carrying generation plus independent replay,src/frontier_proofs.py; src/frontier_proof_check.py; src/proof_summary.py,results/proof-frontiers/summary.json,finite-certified,All case summaries accepted
C13,"A separate exhaustive implementation agrees on all 48,456 function pairs and 45,502 truth-table plane minima",Tables I-II / Sec. VI,independent function-table enumeration and exact cover replay,src/synthesis.py; src/checker.py,results/summary.csv; results/*-check.json,finite-checked by independent code path,Frontiers and histograms reconciled
C14,"The fixed X01 codebook has exact frontier {(1,20),(2,18)} without enumerating its 2^72 decoder completions",Table IV / Eq. (21),"explicit circuits and forced-cell packing lower bounds on independently reconstructed spec-bound domains, followed by inverse/error recheck",src/fixed_codebook_proof.py; src/fixed_codebook_check.py; proofs/proof-frontier.md,results/fixed-codebook/X01.json; results/fixed-codebook/X01-check.json,finite-certified,"4 plane-domain bindings, 756 cubes, 37 packing pairs, 96 decoder rows, and 24 inverse pins checked; pseudo-domain projection forgery rejected"
C15,"B05 and B06 have analytic tradeoff frontiers {(0,8),(1,6)} and {(0,9),(1,6)}",Theorem 12 / Fig. 3,direct majority/projection arguments plus finite certificates,proofs/derivations.md,results/B05.json; results/B06.json; results/proof-frontiers/B05-check.json; results/proof-frontiers/B06-check.json,proved; finite-checked,Plot coordinates exported from checked results
C16,Seven positive weighted sums recover every measured point and the locked family cannot contain an unsupported point,Theorem 13 / Eq. (22),structural proof plus equal-candidate-pool audit,proofs/derivations.md; src/baseline.py,results/scalarization.json,proved family limitation; finite-tested,Null result; no scalarization advantage claimed
C17,"All designated semantic, circuit, proof, fixed-codebook, and orchestration mutations are rejected",Sec. VI-D,executable negative controls,tests/controls.py; tests/projection_controls.py; tests/frontier_proof_controls.py; tests/fixed_codebook_controls.py; tests/orchestration.py,results/controls.json; results/projection-controls.json; results/proof-frontiers/controls.json; results/fixed-codebook/controls.json; results/commands.json,finite-tested,"8+6+8+9+8 certificate/control mutations; mocked 81-stage multi-round progress, source invalidation, missing-output prefix, failure, timeout, and 3 GiB limit checks"
C18,"The bounded campaign reaches all 81 unique stages with progress-guaranteed resume, fail-closed invalidation, and separated coverage/proof/execution accounting",Evaluation protocol; limitations/resource interpretation; artifact availability,"durable prefix queue, source/input fingerprint invalidation, unique command records, and pure data aggregation",reproduce.py; src/evidence_counts.py; tests/orchestration.py; inputs/selection.json,results/campaign.json; results/commands.json; results/evidence-counts.json,measured and reproduced,"81 unique records; 99,897 checker-visible logical coverage units; 837,040 candidate source-received obligations; 121,972 producer DPLL nodes; enforced 3 GiB child limit"
C19,All 60 bibliography records are body-cited and have unique audited DOI and primary-source metadata,Related work / References; build audit,primary-source metadata audit plus offline key/DOI/URL/count consistency checks,literature-audit.csv; external_resources.csv; tests/metadata_integrity.py,results/metadata-integrity.json,audited; structural consistency finite-checked,"60 unique DOI records, 60 primary URLs, and 67 total provenance records checked"
C20,"Under the PAM-3 3b2s codeword list and pairwise inequality printed in the anchor paper, 96 injective mappings satisfy the printed rule and all 96 require total-decoder error two under radius-one raw-bit errors",External anchor audit / Sec. VI,two independently ordered complete backtracking censuses plus exact row-intersection replay,inputs/anchor-pam3.json; src/anchor_census.py; src/anchor_census_check.py; tests/anchor_census_controls.py,results/anchor-pam3.json; results/anchor-pam3-check.json; results/anchor-pam3-controls.json,finite-certified printed-constraint audit; not labeled a reproduction of the source count,"96 mappings; 6,144 full mapping-row-bound logical slots; 4,512 actual row_outputs calls under short-circuit control flow; eight mutations; unresolved 96-versus-72 discrepancy disclosed"
C21,The producer and checker cardinality/relational CNF encodings agree on exhaustive small oracles,Validation paragraph / Sec. VI,exhaustive assignments for small sequential counters and complete small relational-SOP truth-table oracles,tests/encoding_properties.py; src/frontier_proofs.py; src/frontier_proof_check.py,results/encoding-properties.json,finite-tested,"25 cardinality formulas, 382 assignments, 9 relations, 36 bounds, and a correlated-output forbidden-tuple check"
