name,url,license,access_date,resource_type,acquisition_method,integration_mode,supported_claim,internals_modified
IEEE CEDA TCAD submission instructions,https://ieee-ceda.org/publications/tcad/tcad-paper-submissions,IEEE website terms; not redistributed,2026-09-16,official workflow source,live web recheck,planning and readiness only; not a scholarly manuscript reference,Regular-paper length and current submission/disclosure obligations,no
IEEE journal AI-use policy,https://journals.ieeeauthorcenter.ieee.org/,IEEE website terms; not redistributed,2026-09-16,official workflow source,live official policy recheck,planning and acknowledgment only,Generated content must be disclosed in acknowledgments,no
IEEE template selector,https://template-selector.ieee.org/,IEEE website terms; not redistributed,2026-09-16,official workflow source,live route identified; supplied matched files retained,external-use readiness check only,Current external submission must recheck the live template family,no
Supplied IEEEtran class and bibliography style,https://ctan.org/pkg/ieeetran,LPPL/upstream notices embedded in supplied files,2026-09-15,publisher template assets,user-supplied matched TEMPLATE.zip,unmodified local typesetting assets,IEEE journal two-column manuscript build,no
Python 3 standard library,https://docs.python.org/3/,Python Software Foundation License,2026-09-15,execution tool,preinstalled local runtime,artifact execution only,All scientific/checking scripts use standard-library modules only,no
TeX Live tools,https://tug.org/texlive/,Mixed upstream free-software licenses; binaries not redistributed,2026-09-15,build tool,preinstalled local pdflatex and BibTeX implementation,paper compilation only,Reproducible local manuscript build,no
Authored finite code specifications,,MIT under artifact/LICENSE,2026-09-15,scientific input,created and frozen within this project,exact JSON included,All joint and fixed-codebook experimental inputs,not applicable
Application of Formal Methods ({SAT/SMT}) to the Design of Constrained Codes,https://theory.stanford.edu/~barrett/pubs/SBH25.pdf,Publication copyright retained by original rights holder; citation only,2026-09-13,scholarly literature,Full substantive source inspected; exact error-growth and logic passages separately checked,bibliographic citation and original paraphrase; no source bytes or upstream code redistributed,Anchor joint encoder/decoder logic formulation; distinct pairwise error-growth model,no
The {Helly} Number of {Hamming} Balls and Related Problems,https://arxiv.org/pdf/2405.10275,Publication copyright retained by original rights holder; citation only,2026-09-13,scholarly literature,"Theorem 1.1, statement conditions and sharpness construction inspected",bibliographic citation and original paraphrase; no source bytes or upstream code redistributed,"Known Helly bound 2^(a+1), not a new theorem here",no
{DenseQMC}: An Efficient Bit-Slice Implementation of the {Quine--McCluskey} Algorithm,https://arxiv.org/abs/2302.10083,Publication copyright retained by original rights holder; citation only,2026-09-13,scholarly literature,Primary abstract or specific relevant passage; not a full-paper calibration read,bibliographic citation and original paraphrase; no source bytes or upstream code redistributed,Prime-implicant generation distinguished from exact covering,no
Computing the Complete {Pareto} Front,https://arxiv.org/abs/1512.05207,Publication copyright retained by original rights holder; citation only,2026-09-13,scholarly literature,Primary abstract or specific relevant passage; not a full-paper calibration read,bibliographic citation and original paraphrase; no source bytes or upstream code redistributed,Existing finite monotone-oracle complete-frontier enumeration,no
Certifying {Pareto} Optimality in Multi-Objective Maximum Satisfiability,https://arxiv.org/html/2501.17493v1,Publication copyright retained by original rights holder; citation only,2026-09-13,scholarly literature,Full substantive preprint inspected; final publisher metadata checked; one reference only,bibliographic citation and original paraphrase; no source bytes or upstream code redistributed,Existing VeriPB multiobjective Pareto certification; stronger proof-logging baseline,no
Error-Correcting Weakly Constrained Codes: Constructions and Achievable Rates,https://arxiv.org/abs/2605.09113,Publication copyright retained by original rights holder; citation only,2026-09-13,scholarly literature,Primary abstract or specific relevant passage; not a full-paper calibration read,bibliographic citation and original paraphrase; no source bytes or upstream code redistributed,"Recent pattern-frequency constraints and coding-rate construction, not SOP cost",no
A Mathematical Theory of Communication,https://doi.org/10.1002/j.1538-7305.1948.tb01338.x,Publication copyright retained by original rights holder; citation only,2026-09-13,scholarly literature,Primary publication record/title and available relevant excerpt; full-paper calibration read not certified,bibliographic citation and original paraphrase; no source bytes or upstream code redistributed,Communication/channel foundation; cited first part only,no
Error Detecting and Error Correcting Codes,https://doi.org/10.1002/j.1538-7305.1950.tb00463.x,Publication copyright retained by original rights holder; citation only,2026-09-13,scholarly literature,Primary publication record/title and available relevant excerpt; full-paper calibration read not certified,bibliographic citation and original paraphrase; no source bytes or upstream code redistributed,Distance-based correction foundation,no
"A {DC}-Balanced, Partitioned-Block, {8B/10B} Transmission Code",https://ieeexplore.ieee.org/document/5390392/,Publication copyright retained by original rights holder; citation only,2026-09-13,scholarly literature,Primary publication record/title and available relevant excerpt; full-paper calibration read not certified,bibliographic citation and original paraphrase; no source bytes or upstream code redistributed,"Balanced block-code application motivation, not reproduced",no
Data Bus Inversion in High-Speed Memory Applications,https://ieeexplore.ieee.org/document/4801969/,Publication copyright retained by original rights holder; citation only,2026-09-13,scholarly literature,Primary publication record/title and available relevant excerpt; full-paper calibration read not certified,bibliographic citation and original paraphrase; no source bytes or upstream code redistributed,Bus-encoding application differs from abstract counted-site objective,no
Saving {PAM4} Bus Energy with {SMOREs}: Sparse Multi-level Opportunistic Restricted Encodings,https://research.nvidia.com/publication/2022-04_saving-pam4-bus-energy-smores-sparse-multi-level-opportunistic-restricted,Publication copyright retained by original rights holder; citation only,2026-09-16,scholarly literature,"IEEE Xplore/NVIDIA primary publication record and abstract inspected; DOI, byline, venue, year, and pages verified",bibliographic citation and original paraphrase; no source bytes or upstream code redistributed,"PAM4 sparse restricted encoding targets energy, unlike present symbolic model",no
Runlength-Limited Sequences,https://www.researchgate.net/publication/2984369_Runlength-limited_sequences,Publication copyright retained by original rights holder; citation only,2026-09-13,scholarly literature,Primary abstract or specific relevant passage; not a full-paper calibration read,bibliographic citation and original paraphrase; no source bytes or upstream code redistributed,Runlength-constrained code background; survey not original-work calibration,no
The Problem of Simplifying Truth Functions,https://doi.org/10.1080/00029890.1952.11988183,Publication copyright retained by original rights holder; citation only,2026-09-13,scholarly literature,Primary publication record/title and available relevant excerpt; full-paper calibration read not certified,bibliographic citation and original paraphrase; no source bytes or upstream code redistributed,Classical truth-function simplification,no
Minimization of {Boolean} Functions,https://fab.cba.mit.edu/classes/862.22/notes/computation/McCluskey-1956.pdf,Publication copyright retained by original rights holder; citation only,2026-09-13,scholarly literature,Primary abstract or specific relevant passage; not a full-paper calibration read,bibliographic citation and original paraphrase; no source bytes or upstream code redistributed,Classical implicants and covering,no
Logic Minimization Algorithms for {VLSI} Synthesis,https://link.springer.com/book/10.1007/978-1-4613-2821-6,Publication copyright retained by original rights holder; citation only,2026-09-13,scholarly literature,Primary abstract or specific relevant passage; not a full-paper calibration read,bibliographic citation and original paraphrase; no source bytes or upstream code redistributed,Two-level logic and Espresso background; no exact-cost evidence borrowed,no
Multiple-Valued Minimization for {PLA} Optimization,https://ieeexplore.ieee.org/document/1270318/,Publication copyright retained by original rights holder; citation only,2026-09-13,scholarly literature,Primary publication record/title and available relevant excerpt; full-paper calibration read not certified,bibliographic citation and original paraphrase; no source bytes or upstream code redistributed,Multiple-valued PLA minimization prior art,no
{McBOOLE}: A New Procedure for Exact Logic Minimization,https://ieeexplore.ieee.org/document/1270191/,Publication copyright retained by original rights holder; citation only,2026-09-13,scholarly literature,Primary publication record/title and available relevant excerpt; full-paper calibration read not certified,bibliographic citation and original paraphrase; no source bytes or upstream code redistributed,Exact two-level minimization is established,no
{MIS}: A Multiple-Level Logic Optimization System,https://ieeexplore.ieee.org/document/1270347/,Publication copyright retained by original rights holder; citation only,2026-09-13,scholarly literature,Primary publication record/title and available relevant excerpt; full-paper calibration read not certified,bibliographic citation and original paraphrase; no source bytes or upstream code redistributed,Multilevel optimization outside fixed two-level grammar,no
Graph-Based Algorithms for {Boolean} Function Manipulation,https://www.cs.cmu.edu/~bryant/pubdir/ieeetc86.pdf,Publication copyright retained by original rights holder; citation only,2026-09-13,scholarly literature,Primary abstract or specific relevant passage; not a full-paper calibration read,bibliographic citation and original paraphrase; no source bytes or upstream code redistributed,Decision-diagram representation background,no
Zero-Suppressed {BDDs} for Set Manipulation in Combinatorial Problems,https://dl.acm.org/doi/10.1145/157485.164890,Publication copyright retained by original rights holder; citation only,2026-09-13,scholarly literature,Primary publication record/title and available relevant excerpt; full-paper calibration read not certified,bibliographic citation and original paraphrase; no source bytes or upstream code redistributed,"Set-family representation alternative, not implemented",no
{FlowMap}: An Optimal Technology Mapping Algorithm for Delay Optimization in Lookup-Table Based {FPGA} Designs,https://ieee-ceda.org/media/flowmap-optimal-technology-mapping-algorithm-delay-optimization-lookup-table-based-fpga,Publication copyright retained by original rights holder; citation only,2026-09-13,scholarly literature,Primary publication record/title and available relevant excerpt; full-paper calibration read not certified,bibliographic citation and original paraphrase; no source bytes or upstream code redistributed,Mapped depth is not SOP counted-site cost,no
Improvements to Technology Mapping for {LUT}-Based {FPGAs},https://people.eecs.berkeley.edu/~alanmi/publications/2006/tcad06_map.pdf,Publication copyright retained by original rights holder; citation only,2026-09-13,scholarly literature,Primary abstract or specific relevant passage; not a full-paper calibration read,bibliographic citation and original paraphrase; no source bytes or upstream code redistributed,Mapping optimization has different objective and network model,no
Majority-Inverter Graph: A New Paradigm for Logic Optimization,https://si2.epfl.ch/demichel/publications/archive/2016/07293649.pdf,Publication copyright retained by original rights holder; citation only,2026-09-13,scholarly literature,Primary abstract or specific relevant passage; not a full-paper calibration read,bibliographic citation and original paraphrase; no source bytes or upstream code redistributed,MIG representation changes realizable logic and cost,no
Exact Synthesis of Majority-Inverter Graphs and Its Applications,https://si2.epfl.ch/demichel/publications/archive/2017/07842552.pdf,Publication copyright retained by original rights holder; citation only,2026-09-13,scholarly literature,Primary abstract or specific relevant passage; not a full-paper calibration read,bibliographic citation and original paraphrase; no source bytes or upstream code redistributed,Existing exact SMT-based MIG synthesis and local applications,no
"{SAT}-Based Exact Synthesis: Encodings, Topology Families, and Parallelism",https://people.eecs.berkeley.edu/~alanmi/publications/2020/tcad20_exact.pdf,Publication copyright retained by original rights holder; citation only,2026-09-13,scholarly literature,Primary abstract or specific relevant passage; not a full-paper calibration read,bibliographic citation and original paraphrase; no source bytes or upstream code redistributed,Topology families and encoding choices in actual exact synthesis,no
Efficient Resubstitution-Based Approximate Logic Synthesis,https://si2.epfl.ch/demichel/publications/archive/2025/resub.pdf,Publication copyright retained by original rights holder; citation only,2026-09-13,scholarly literature,Primary abstract or specific relevant passage; not a full-paper calibration read,bibliographic citation and original paraphrase; no source bytes or upstream code redistributed,Approximate resubstitution method; final issue year 2025,no
Fast Heuristic and Exact Algorithms for Two-Level Hazard-Free Logic Minimization,https://ieeexplore.ieee.org/iel4/43/15858/00736186.pdf,Publication copyright retained by original rights holder; citation only,2026-09-13,scholarly literature,Primary publication record/title and available relevant excerpt; full-paper calibration read not certified,bibliographic citation and original paraphrase; no source bytes or upstream code redistributed,Additional hazard constraints alter exact covering problem,no
A Simulation-Guided Paradigm for Logic Synthesis and Verification,https://people.eecs.berkeley.edu/~alanmi/publications/2021/tcad21_sim.pdf,Publication copyright retained by original rights holder; citation only,2026-09-13,scholarly literature,Primary abstract or specific relevant passage; not a full-paper calibration read,bibliographic citation and original paraphrase; no source bytes or upstream code redistributed,Simulation filters coupled to formal verification; final issue year 2022,no
Test Pattern Generation Using {Boolean} Satisfiability,https://ieeexplore.ieee.org/document/108614/,Publication copyright retained by original rights holder; citation only,2026-09-13,scholarly literature,Primary publication record/title and available relevant excerpt; full-paper calibration read not certified,bibliographic citation and original paraphrase; no source bytes or upstream code redistributed,ATPG SAT application differs from channel source ambiguity,no
{SALSA}: Systematic Logic Synthesis of Approximate Circuits,https://dl.acm.org/doi/10.1145/2228360.2228504,Publication copyright retained by original rights holder; citation only,2026-09-13,scholarly literature,Primary publication record/title and available relevant excerpt; full-paper calibration read not certified,bibliographic citation and original paraphrase; no source bytes or upstream code redistributed,Approximate logic synthesis predecessor,no
Multi-Level Approximate Logic Synthesis under General Error Constraints,https://slam.ece.utexas.edu/pubs/iccad14.MALS.pdf,Publication copyright retained by original rights holder; citation only,2026-09-13,scholarly literature,Author-hosted full text: Section 3 and definitions of relations/output projection inspected; no new relation-theory claim,bibliographic citation and original paraphrase; no source bytes or upstream code redistributed,Boolean-relation multioutput error constraints already established,no
Evolutionary Approach to Approximate Digital Circuits Design,https://www.fit.vut.cz/research/result/c119783/.en,Publication copyright retained by original rights holder; citation only,2026-09-13,scholarly literature,Primary abstract or specific relevant passage; not a full-paper calibration read,bibliographic citation and original paraphrase; no source bytes or upstream code redistributed,Search-based approximate design; not proof of global optimum,no
On-the-Fly and {DAG}-Aware: Rewriting {Boolean} Networks with Exact Synthesis,https://infoscience.epfl.ch/entities/publication/379bb150-145b-42ba-8437-6a62a4dd95a2,Publication copyright retained by original rights holder; citation only,2026-09-13,scholarly literature,Primary publication record/title and available relevant excerpt; full-paper calibration read not certified,bibliographic citation and original paraphrase; no source bytes or upstream code redistributed,Exact local rewriting not global encoder/decoder frontier,no
An Extensible {SAT}-solver,https://doi.org/10.1007/978-3-540-24605-3_37,Publication copyright retained by original rights holder; citation only,2026-09-13,scholarly literature,Primary abstract or specific relevant passage; not a full-paper calibration read,bibliographic citation and original paraphrase; no source bytes or upstream code redistributed,Incremental SAT interface foundation; publication year distinguished from event,no
{GRASP}: A Search Algorithm for Propositional Satisfiability,https://www.cs.cmu.edu/~emc/spring06/home_files/grasp.pdf,Publication copyright retained by original rights holder; citation only,2026-09-13,scholarly literature,Primary abstract or specific relevant passage; not a full-paper calibration read,bibliographic citation and original paraphrase; no source bytes or upstream code redistributed,Conflict analysis in SAT; not implemented here,no
Chaff: Engineering an Efficient {SAT} Solver,https://doi.org/10.1145/378239.379017,Publication copyright retained by original rights holder; citation only,2026-09-13,scholarly literature,Primary abstract or specific relevant passage; not a full-paper calibration read,bibliographic citation and original paraphrase; no source bytes or upstream code redistributed,Efficient SAT engine background; no borrowed speed claim,no
Translating Pseudo-{Boolean} Constraints into {SAT},https://doi.org/10.3233/SAT190014,Publication copyright retained by original rights holder; citation only,2026-09-13,scholarly literature,Primary publication record/title and available relevant excerpt; full-paper calibration read not certified,bibliographic citation and original paraphrase; no source bytes or upstream code redistributed,Pseudo-Boolean translation for product/connection counters,no
Efficient {CNF} Encoding of {Boolean} Cardinality Constraints,https://doi.org/10.1007/978-3-540-45193-8_8,Publication copyright retained by original rights holder; citation only,2026-09-13,scholarly literature,Primary abstract or specific relevant passage; not a full-paper calibration read,bibliographic citation and original paraphrase; no source bytes or upstream code redistributed,"Cardinality encoding building block, not installed",no
Towards an Optimal {CNF} Encoding of {Boolean} Cardinality Constraints,https://www.carstensinz.de/papers/CP-2005.pdf,Publication copyright retained by original rights holder; citation only,2026-09-13,scholarly literature,Primary abstract or specific relevant passage; not a full-paper calibration read,bibliographic citation and original paraphrase; no source bytes or upstream code redistributed,Cardinality counter alternative,no
Generalized Totalizer Encoding for Pseudo-{Boolean} Constraints,https://doi.org/10.1007/978-3-319-23219-5_15,Publication copyright retained by original rights holder; citation only,2026-09-13,scholarly literature,Primary abstract or specific relevant passage; not a full-paper calibration read,bibliographic citation and original paraphrase; no source bytes or upstream code redistributed,Weighted counter encoding alternative,no
{Z3}: An Efficient {SMT} Solver,https://www.microsoft.com/en-us/research/publication/z3-an-efficient-smt-solver/,Publication copyright retained by original rights holder; citation only,2026-09-13,scholarly literature,Primary abstract or specific relevant passage; not a full-paper calibration read,bibliographic citation and original paraphrase; no source bytes or upstream code redistributed,SMT solver foundation; no solver execution claimed,no
Bitwuzla,https://link.springer.com/chapter/10.1007/978-3-031-37703-7_1,Publication copyright retained by original rights holder; citation only,2026-09-13,scholarly literature,Primary abstract or specific relevant passage; not a full-paper calibration read,bibliographic citation and original paraphrase; no source bytes or upstream code redistributed,Bit-vector SMT implementation alternative,no
Simulation-Guided Approximate Logic Synthesis Under the Maximum Error Constraint,https://si2.epfl.ch/demichel/publications/archive/2026/approx.pdf,Publication copyright retained by original rights holder; citation only,2026-09-13,scholarly literature,"Author accepted manuscript: title/byline/DOI, abstract, maximum-error definitions and simulation/SAT method passages inspected; early access",bibliographic citation and original paraphrase; no source bytes or upstream code redistributed,"2026 maximum-error ALS, including maximum Hamming error; prior work not only average errors",no
{DRAT}-trim: Efficient Checking and Trimming Using Expressive Clausal Proofs,https://doi.org/10.1007/978-3-319-09284-3_31,Publication copyright retained by original rights holder; citation only,2026-09-13,scholarly literature,Primary abstract or specific relevant passage; not a full-paper calibration read,bibliographic citation and original paraphrase; no source bytes or upstream code redistributed,Clausal proof checking differs from exhaustive re-solving,no
Efficient Certified {RAT} Verification,https://doi.org/10.1007/978-3-319-63046-5_14,Publication copyright retained by original rights holder; citation only,2026-09-13,scholarly literature,Primary abstract or specific relevant passage; not a full-paper calibration read,bibliographic citation and original paraphrase; no source bytes or upstream code redistributed,Certified proof-checking prior art,no
Efficient Verified ({UN}){SAT} Certificate Checking,https://doi.org/10.1007/978-3-319-63046-5_15,Publication copyright retained by original rights holder; citation only,2026-09-13,scholarly literature,Primary abstract or specific relevant passage; not a full-paper calibration read,bibliographic citation and original paraphrase; no source bytes or upstream code redistributed,Verified certificate-checker trust boundary,no
Justifying All Differences Using Pseudo-{Boolean} Reasoning,https://ojs.aaai.org/index.php/AAAI/article/view/5507,Publication copyright retained by original rights holder; citation only,2026-09-16,scholarly literature,"AAAI primary article record inspected; DOI, byline, volume/issue, year, and pages verified; relevant abstract passage checked",bibliographic citation and original paraphrase; no source bytes or upstream code redistributed,PB reasoning can justify all-different constraint deductions,no
Certifying Parity Reasoning Efficiently Using Pseudo-{Boolean} Proofs,https://ojs.aaai.org/index.php/AAAI/article/view/16494,Publication copyright retained by original rights holder; citation only,2026-09-16,scholarly literature,"AAAI primary article record inspected; DOI, byline, volume/issue, year, and pages verified; relevant abstract passage checked",bibliographic citation and original paraphrase; no source bytes or upstream code redistributed,PB proof logging supports parity reasoning,no
Certified Dominance and Symmetry Breaking for Combinatorial Optimisation,https://www.jair.org/index.php/jair/article/view/14296,Publication copyright retained by original rights holder; citation only,2026-09-13,scholarly literature,Primary abstract or specific relevant passage; not a full-paper calibration read,bibliographic citation and original paraphrase; no source bytes or upstream code redistributed,Dominance/symmetry reductions require explicit certified justification,no
Certified Core-Guided {MaxSAT} Solving,https://doi.org/10.1007/978-3-031-38499-8_1,Publication copyright retained by original rights holder; citation only,2026-09-13,scholarly literature,Primary abstract or specific relevant passage; not a full-paper calibration read,bibliographic citation and original paraphrase; no source bytes or upstream code redistributed,Cost-optimality logging in core-guided MaxSAT already exists,no
Pseudo-{Boolean} Reasoning About States and Transitions to Certify Dynamic Programming and Decision Diagram Algorithms,https://drops.dagstuhl.de/entities/document/10.4230/LIPIcs.CP.2024.9,Publication copyright retained by original rights holder; citation only,2026-09-13,scholarly literature,Primary abstract or specific relevant passage; not a full-paper calibration read,bibliographic citation and original paraphrase; no source bytes or upstream code redistributed,DP recurrence correctness alone is not independently logged certificate checking,no
From Single-Objective to Bi-Objective Maximum Satisfiability Solving,https://www.cs.helsinki.fi/u/mjarvisa/papers/jbnj.jair24.pdf,Publication copyright retained by original rights holder; citation only,2026-09-13,scholarly literature,Primary abstract or specific relevant passage; not a full-paper calibration read,bibliographic citation and original paraphrase; no source bytes or upstream code redistributed,Existing incremental SAT biobjective solving,no
Core Boosting in {SAT}-Based Multi-objective Optimization,https://doi.org/10.1007/978-3-031-60599-4_1,Publication copyright retained by original rights holder; citation only,2026-09-13,scholarly literature,Primary abstract or specific relevant passage; not a full-paper calibration read,bibliographic citation and original paraphrase; no source bytes or upstream code redistributed,Core-guided objective-domain compression,no
Preprocessing in {SAT}-Based Multi-Objective Combinatorial Optimization,https://drops.dagstuhl.de/entities/document/10.4230/LIPIcs.CP.2023.18,Publication copyright retained by original rights holder; citation only,2026-09-13,scholarly literature,Primary abstract or specific relevant passage; not a full-paper calibration read,bibliographic citation and original paraphrase; no source bytes or upstream code redistributed,Multiobjective preprocessing must preserve intended frontier,no
Solving Multiobjective Discrete Optimization Problems with Propositional Minimal Model Generation,https://doi.org/10.1007/978-3-319-66158-2_38,Publication copyright retained by original rights holder; citation only,2026-09-13,scholarly literature,Primary abstract or specific relevant passage; not a full-paper calibration read,bibliographic citation and original paraphrase; no source bytes or upstream code redistributed,Minimal-model approach to multiobjective discrete optimization,no
Multicriteria Optimization,https://doi.org/10.1007/3-540-27659-9,Publication copyright retained by original rights holder; citation only,2026-09-13,scholarly literature,Primary abstract or specific relevant passage; not a full-paper calibration read,bibliographic citation and original paraphrase; no source bytes or upstream code redistributed,Supported versus unsupported efficient points and scalarization background,no
Effective Implementation of the Epsilon-Constraint Method in Multi-Objective Mathematical Programming Problems,https://www.sciencedirect.com/science/article/pii/S0096300309002574,Publication copyright retained by original rights holder; citation only,2026-09-13,scholarly literature,Primary abstract or specific relevant passage; not a full-paper calibration read,bibliographic citation and original paraphrase; no source bytes or upstream code redistributed,Epsilon-constraint method provides non-weighted alternative,no
Survey of Multi-Objective Optimization Methods for Engineering,https://doi.org/10.1007/s00158-003-0368-6,Publication copyright retained by original rights holder; citation only,2026-09-13,scholarly literature,Primary abstract or specific relevant passage; not a full-paper calibration read,bibliographic citation and original paraphrase; no source bytes or upstream code redistributed,Multiobjective engineering formulation context; survey not new original theorem,no
A Theory of Nondeterministic Networks,https://people.eecs.berkeley.edu/~alanmi/publications/2005/tcad05_nd.pdf,Publication copyright retained by original rights holder; citation only,2026-09-16,scholarly literature,"IEEE publication record and author-hosted manuscript inspected; DOI, byline, volume/issue, year, and pages verified; relational-network scope checked",bibliographic citation and original paraphrase; no source bytes or upstream code redistributed,Relational/nondeterministic network semantics are prior art,no
Using Simulation and Satisfiability to Compute Flexibilities in {Boolean} Networks,https://people.eecs.berkeley.edu/~alanmi/publications/2005/tcad05_s&s.pdf,Publication copyright retained by original rights holder; citation only,2026-09-13,scholarly literature,Primary abstract or specific relevant passage; not a full-paper calibration read,bibliographic citation and original paraphrase; no source bytes or upstream code redistributed,Established simulation/SAT computation of legal network flexibility,no
