case,q,n,payload_bits,designs,frontier,pair_only_frontier,generation_cpu_s,check_cpu_s,max_peak_rss_kib
B01,2,2,1,48,"(1,5)","(0,5)",0.0007178869999999726,0.0009355909999999579,93480
B02,2,3,2,6144,"(1,10)","(0,10)",0.29629123900000004,0.668364766,105640
B03,2,3,2,6144,"(1,10)","(1,10)",0.281920705,0.654328693,106404
B04,2,3,2,6144,"(2,10)","(2,10)",0.293371599,0.641259947,106536
B05,2,3,1,128,"(0,8);(1,6)","(0,6)",0.0034672439999999805,0.008323614000000035,93740
B06,2,3,1,1280,"(0,9);(1,6)","(0,6)",0.009840618999999995,0.017227289000000034,93868
B07,2,2,1,8,"(1,5)","(0,5)",0.0002961699999999845,0.00044960799999999024,93480
B08,2,3,1,384,"(1,7)","(0,7)",0.00583508399999999,0.01414711099999999,93860
T01,3,1,1,12,"(1,5)","(1,5)",0.0003471560000000151,0.00047834099999999324,93476
T02,3,2,2,24576,"(2,12)","(1,12)",1.674064026,4.5033504660000006,146348
T03,3,2,1,768,"(1,7)","(0,7)",0.018935378000000003,0.049251104000000046,94124
T04,3,2,1,256,"(1,7)","(0,7)",0.015048620000000013,0.02892397699999999,93992
T05,3,1,1,4,"(1,5)","(1,5)",0.0002124259999999878,0.00036441199999998064,93480
T06,3,2,1,256,"(1,7)","(1,7)",0.011269543000000048,0.029323169999999954,94012
T07,3,2,1,1536,"(1,8)","(0,8)",0.02718718400000003,0.05575028600000004,94244
T08,3,2,1,768,"(1,7)","(1,7)",0.02005319900000002,0.04790991,94120
